{"cameraMode":{"drawMode":0,"name":"Shaded","section":"Shading Mode"},"sceneLighting":true,"audioPlay":false,"sceneViewState":{"showFog":true,"showMaterialUpdate":false,"showSkybox":true,"showFlares":true,"showImageEffects":true,"showParticleSystems":true,"showVisualEffectGraphs":true,"m_FxEnabled":true},"in2DMode":false,"pivot":{"x":-1.7826875448226929,"y":-14.037445068359375,"z":63.433746337890628},"rotation":{"x":0.13191331923007966,"y":-0.005949623417109251,"z":0.00079290074063465,"w":0.9912531971931458},"size":42.800514221191409,"orthographic":false}