{"cameraMode":{"drawMode":0,"name":"Shaded","section":"Shading Mode"},"sceneLighting":true,"audioPlay":false,"sceneViewState":{"showFog":true,"showMaterialUpdate":false,"showSkybox":true,"showFlares":true,"showImageEffects":true,"showParticleSystems":true,"showVisualEffectGraphs":true,"m_FxEnabled":true},"in2DMode":false,"pivot":{"x":-0.7081824541091919,"y":2.960817813873291,"z":12.493062973022461},"rotation":{"x":0.16484104096889497,"y":0.005915991496294737,"z":-0.0009879851713776589,"w":0.9863033890724182},"size":11.369779586791993,"orthographic":false}