{"cameraMode":{"drawMode":0,"name":"Shaded","section":"Shading Mode"},"sceneLighting":true,"audioPlay":false,"sceneViewState":{"showFog":true,"showMaterialUpdate":false,"showSkybox":true,"showFlares":true,"showImageEffects":true,"showParticleSystems":true,"showVisualEffectGraphs":true,"m_FxEnabled":true},"in2DMode":false,"pivot":{"x":2.8826184272766115,"y":-87.65312194824219,"z":30.246482849121095},"rotation":{"x":0.6862435936927795,"y":-0.0006615814636461437,"z":0.0006137865129858255,"w":0.7273897528648377},"size":53.00580596923828,"orthographic":false}