{"cameraMode":{"drawMode":0,"name":"Shaded","section":"Shading Mode"},"sceneLighting":true,"audioPlay":false,"sceneViewState":{"showFog":true,"showMaterialUpdate":false,"showSkybox":true,"showFlares":true,"showImageEffects":true,"showParticleSystems":true,"showVisualEffectGraphs":true,"m_FxEnabled":true},"in2DMode":false,"pivot":{"x":-2.173006057739258,"y":-14.649502754211426,"z":37.44384002685547},"rotation":{"x":0.20463137328624726,"y":-0.011453327722847462,"z":0.0023969453759491445,"w":0.978775143623352},"size":23.934478759765626,"orthographic":false}