{"cameraMode":{"drawMode":0,"name":"Shaded","section":"Shading Mode"},"sceneLighting":true,"audioPlay":false,"sceneViewState":{"showFog":true,"showMaterialUpdate":false,"showSkybox":true,"showFlares":true,"showImageEffects":true,"showParticleSystems":true,"showVisualEffectGraphs":true,"m_FxEnabled":true},"in2DMode":false,"pivot":{"x":0.1992630958557129,"y":-4.486791610717773,"z":-3.8844947814941408},"rotation":{"x":0.02432408556342125,"y":-0.9733715057373047,"z":0.19164440035820008,"w":0.12358805537223816},"size":14.378479957580567,"orthographic":false}