{"cameraMode":{"drawMode":0,"name":"Shaded","section":"Shading Mode"},"sceneLighting":true,"audioPlay":false,"sceneViewState":{"showFog":true,"showMaterialUpdate":false,"showSkybox":true,"showFlares":true,"showImageEffects":true,"showParticleSystems":true,"showVisualEffectGraphs":true,"m_FxEnabled":true},"in2DMode":false,"pivot":{"x":-1.8029958009719849,"y":-6.569636821746826,"z":65.12397766113281},"rotation":{"x":0.09017656743526459,"y":-0.0059776692651212219,"z":0.0005423806724138558,"w":0.995917797088623},"size":29.35550880432129,"orthographic":false}