{"cameraMode":{"drawMode":0,"name":"Shaded","section":"Shading Mode"},"sceneLighting":true,"audioPlay":false,"sceneViewState":{"showFog":true,"showMaterialUpdate":false,"showSkybox":true,"showFlares":true,"showImageEffects":true,"showParticleSystems":true,"showVisualEffectGraphs":true,"m_FxEnabled":true},"in2DMode":false,"pivot":{"x":-7.9376935958862309,"y":-8.675745964050293,"z":72.83634948730469},"rotation":{"x":-0.13257355988025666,"y":0.05884990096092224,"z":-0.007885190658271313,"w":-0.9894068837165833},"size":46.477115631103519,"orthographic":false}